{
    "gpus": [
        128,
        256,
        512,
        1024
    ],
    "512": {
        "values": [
            930.940162,
            1086.366759,
            1305.037548,
            2065.1275
        ]
    },
    "1024": {
        "values": [
            1879.227863,
            2157.288463,
            2713.001773,
            3919.330086
        ]
    }
}