#gpus-per-job,cdf
1,0
1,0.139121
2,0.162134
4,0.197699
8,0.890167
16,0.893305
32,1.0
32,1
