#gpus-per-job,cdf
1,0
1,0.964591
2,0.971107
4,0.989348
8,0.999961
16,1.0
16,1
