#gpus-per-job,cdf
1,0
1,0.47619
2,0.492063
4,0.650794
8,1.0
8,1
