#minutes,cdf
60,0
600,0.005
1800,0.045429
3120,0.090849
5040,0.227108
38100,0.408788
416700,0.817567
798120,0.862986
2062620,0.908406
6962100,0.953826
60000000,0.99
309908160,1
