#gpus-per-job,cdf
1,0
1,0.36887
2,0.378465
4,0.583156
8,0.958422
12,0.971215
16,0.989339
24,0.996802
32,1.0
32,1
