#gpus-per-job,cdf
1,0
1,0.411409
2,0.44204
4,0.608584
7,0.608951
8,0.918379
16,0.98661
20,0.986794
24,0.989912
32,1.0
32,1
