#gpus-per-job,cdf
1,0
1,0.902726
2,0.906852
4,0.943449
6,0.943516
8,0.998241
16,0.999797
32,0.999865
48,1.0
48,1
