#gpus-per-job,cdf
1,0
1,0.88424
2,0.964983
4,0.990235
8,0.994173
16,0.999213
24,0.999475
32,1.0
32,1
