#gpus-per-job,cdf
1,0
1,0.863138
2,0.866681
4,0.899568
8,0.974311
16,0.999336
24,0.999889
32,1.0
32,1
