#gpus-per-job,cdf
1,0
1,0.36345
2,0.366872
4,0.653662
8,0.960301
16,0.984942
32,1.0
32,1
