#hrs,cdf
1,0.0
59.018701,0.100100
420.410083,0.700100
538.829049,0.900100
600.0,1.00
