#gpus-per-job,cdf
1,0
1,0.633671
2,0.737931
4,0.967951
8,1.0
8,1
