#gpus-per-job,cdf
1,0.0
1,0.8660126
2,0.8886429
4,0.9380814
8,0.9895553
16,1.0