#gpus-per-job,cdf
1,0
1,0.669032
2,0.685095
4,1.0
4,1
