#hrs,cdf
1,0.0
36.142943,0.400100
64.888748,0.600100
85.0,0.7
112.925299,0.800100
159.821263,0.900100
200.0,0.95
300.0,0.99
600.0,1.0